filename,number,day,height_px,length_px,area_px,green_area_px,black_area_px,white_area_px,brown_area_px,green_intensity,grade
goak01_D1_A0.png,1,1,532,762,297412,221512,36150,39438,312,45.47,B
goak01_D1_A180.png,1,1,624,726,313801,245545,55599,12017,640,47.28,A
goak01_D1_A270.png,1,1,582,678,265205,210441,30181,24583,0,49.64,C
goak01_D1_A90.png,1,1,621,716,283742,210339,46892,26376,135,46.58,B
goak01_D1_B0.png,1,1,781,751,287483,225725,33414,27933,411,46.06,A
goak01_D1_B180.png,1,1,649,813,354649,280251,65139,9255,4,48.99,A
goak01_D1_B270.png,1,1,555,782,282507,216770,41869,23757,111,45.89,B
goak01_D1_B90.png,1,1,502,690,261087,218570,30840,11676,1,52.47,C
goak01_D2_A0.png,1,2,645,917,394293,244592,16905,132054,742,42.84,A
goak01_D2_A180.png,1,2,693,846,406598,272168,60493,73313,624,44.33,A
goak01_D2_A270.png,1,2,737,791,413099,282448,39761,90204,686,44.34,A
goak01_D2_A90.png,1,2,702,819,419168,258692,30006,129568,902,44.22,A
goak01_D2_B0.png,1,2,656,770,381177,281042,49897,49657,581,43.19,A
goak01_D2_B180.png,1,2,689,805,405597,324150,65756,15554,137,48.94,A
goak01_D2_B270.png,1,2,581,842,386357,290405,45433,50445,74,47.45,A
goak01_D2_B90.png,1,2,611,815,358271,280118,50763,26843,547,47.09,A
goak01_D3_A0.png,1,3,542,872,339658,144946,17850,176061,801,40.03,B
goak01_D3_A180.png,1,3,577,824,364557,232396,44227,87841,93,45.52,A
goak01_D3_A270.png,1,3,610,807,371567,234929,29155,106951,532,42.66,A
goak01_D3_A90.png,1,3,746,746,362252,191568,28746,140766,1172,43.15,A
goak01_D3_B0.png,1,3,613,848,337316,252069,33050,51543,654,42.45,A
goak01_D3_B180.png,1,3,662,880,405126,325843,62366,16723,194,48.64,A
goak01_D3_B270.png,1,3,567,827,357564,282564,32567,41390,1043,46.96,A
goak01_D3_B90.png,1,3,622,784,346465,290421,31409,23691,944,49.26,A
goak02_D1_A0.png,2,1,521,723,259016,211611,27972,19264,169,49.9,C
goak02_D1_A180.png,2,1,665,742,339574,285499,45578,8497,0,54.02,B
goak02_D1_A270.png,2,1,564,683,263646,212237,39425,11984,0,53.12,C
goak02_D1_A90.png,2,1,571,777,271621,215330,37534,18733,24,50.34,B
goak02_D1_B0.png,2,1,531,734,253049,182061,60016,10970,2,44.71,C
goak02_D1_B180.png,2,1,664,702,321716,265558,49036,7122,0,52.33,B
goak02_D1_B270.png,2,1,551,727,238244,197847,31201,9196,0,53.12,C
goak02_D1_B90.png,2,1,527,833,280625,225604,40048,14946,27,47.86,B
goak02_D2_A0.png,2,2,647,774,349321,282020,39342,27838,121,50.77,A
goak02_D2_A180.png,2,2,815,838,401916,325236,59591,17035,54,51.17,A
goak02_D2_A270.png,2,2,686,801,355650,267337,40491,47754,68,49.38,A
goak02_D2_A90.png,2,2,780,852,398943,311112,49413,36624,1794,47.53,A
goak02_D2_B0.png,2,2,701,842,358913,249123,27137,82083,570,43.5,A
goak02_D2_B180.png,2,2,670,911,369308,262784,76985,29405,134,41.13,A
goak02_D2_B270.png,2,2,768,737,326057,224695,27963,73003,396,45.25,A
goak02_D2_B90.png,2,2,600,943,398380,279519,38454,80378,29,44.01,A
goak02_D3_A0.png,2,3,581,807,307175,235808,32833,38344,190,46.14,A
goak02_D3_A180.png,2,3,644,853,385419,312617,48190,24442,170,47.75,A
goak02_D3_A270.png,2,3,639,787,363507,288041,36305,39100,61,47.52,A
goak02_D3_A90.png,2,3,641,764,336688,253777,57268,25463,180,44.68,A
goak02_D3_B0.png,2,3,626,789,336266,241313,26993,67227,733,43.48,A
goak02_D3_B180.png,2,3,584,922,364025,278187,61789,23842,207,45.62,A
goak02_D3_B270.png,2,3,578,720,295139,214245,35262,45250,382,45.03,B
goak02_D3_B90.png,2,3,595,812,314826,244955,30325,39169,377,46.91,A
goak03_D1_A0.png,3,1,641,758,333420,248974,26406,58038,2,51.78,B
goak03_D1_A180.png,3,1,672,769,354102,280243,38131,35728,0,50.87,A
goak03_D1_A270.png,3,1,637,750,331498,257216,28983,45255,44,50.5,B
goak03_D1_A90.png,3,1,772,758,383264,277186,50532,55542,4,49.45,A
goak03_D1_B0.png,3,1,525,736,274016,191682,49258,32344,732,44.8,B
goak03_D1_B180.png,3,1,625,745,341636,270624,57442,13441,129,51.34,A
goak03_D1_B270.png,3,1,498,717,283784,228160,33694,21920,10,51.06,C
goak03_D1_B90.png,3,1,586,835,316369,234264,56081,26019,5,48.16,B
goak03_D2_A0.png,3,2,593,896,343909,253343,37915,52613,38,44.13,A
goak03_D2_A180.png,3,2,787,919,456495,372179,49050,34865,401,50.66,A
goak03_D2_A270.png,3,2,616,926,365126,287571,45630,31848,77,47.87,A
goak03_D2_A90.png,3,2,768,921,450075,346302,50771,52841,161,47.63,A
goak03_D2_B0.png,3,2,666,916,407092,283467,44131,78488,1006,41.25,A
goak03_D2_B180.png,3,2,618,881,414778,321710,51224,41721,123,46.73,A
goak03_D2_B270.png,3,2,675,880,406213,287144,30892,87233,944,43.76,A
goak03_D2_B90.png,3,2,668,935,406346,280103,49559,76309,375,43.43,A
goak03_D3_A0.png,3,3,736,891,354552,250252,25396,78270,634,46.04,A
goak03_D3_A180.png,3,3,731,910,428289,336205,54912,34940,2232,47.73,A
goak03_D3_A270.png,3,3,677,856,364482,291077,32471,40334,600,45.37,A
goak03_D3_A90.png,3,3,773,866,427874,347678,37328,42685,183,50.94,A
goak03_D3_B0.png,3,3,601,935,353602,236413,29481,86531,1177,40.06,A
goak03_D3_B180.png,3,3,654,905,381197,288823,51651,40013,710,47.23,A
goak03_D3_B270.png,3,3,551,822,356424,248773,29989,76675,987,41.32,A
goak03_D3_B90.png,3,3,656,884,365788,249451,41820,73871,646,41.3,A
goak04_D1_A0.png,4,1,706,764,291950,240169,30058,21599,124,53.95,B
goak04_D1_A180.png,4,1,663,750,354482,296960,43269,14173,80,57.01,A
goak04_D1_A270.png,4,1,614,710,319440,252205,41672,25553,10,51.5,B
goak04_D1_A90.png,4,1,671,766,322077,260619,38718,22721,19,55.31,A
goak04_D1_B0.png,4,1,675,701,270834,207122,34908,28667,137,48.81,B
goak04_D1_B180.png,4,1,659,755,339885,284243,35281,20359,2,53.54,B
goak04_D1_B270.png,4,1,557,791,286477,232795,23745,29937,0,53.91,B
goak04_D1_B90.png,4,1,654,636,294308,229026,48493,16712,77,48.68,B
goak04_D2_A0.png,4,2,790,853,400284,292447,47874,59092,871,42.35,A
goak04_D2_A180.png,4,2,675,946,444671,371593,48573,24338,167,50.02,A
goak04_D2_A270.png,4,2,878,784,404333,325596,51166,27368,203,46.13,A
goak04_D2_A90.png,4,2,850,867,445449,343688,50114,51187,460,46.56,A
goak04_D2_B0.png,4,2,857,859,431738,322628,34542,73581,987,46.4,A
goak04_D2_B180.png,4,2,660,858,365018,299095,31066,34756,101,50.78,A
goak04_D2_B270.png,4,2,759,828,395923,306175,23794,65422,532,46.97,A
goak04_D2_B90.png,4,2,811,762,382017,286651,40091,54183,1092,47.96,A
goak04_D3_A0.png,4,3,665,836,352592,280394,35159,36214,825,47.33,A
goak04_D3_A180.png,4,3,738,805,398857,333235,42476,23047,99,51.66,A
goak04_D3_A270.png,4,3,612,766,370427,307422,34487,28193,325,50.45,A
goak04_D3_A90.png,4,3,805,828,381563,293692,53478,34230,163,47.44,A
goak04_D3_B0.png,4,3,811,770,375881,263090,29100,82916,775,44.56,A
goak04_D3_B180.png,4,3,697,851,328390,263730,38763,25591,306,50.16,A
goak04_D3_B270.png,4,3,800,734,355819,271225,27449,56809,336,46.23,A
goak04_D3_B90.png,4,3,794,699,366083,261305,48818,55292,668,46.41,A
goak05_D1_A0.png,5,1,471,682,223114,170522,30122,22468,2,47.94,C
goak05_D1_A180.png,5,1,624,724,287328,247059,30261,9895,113,56.96,B
goak05_D1_A270.png,5,1,464,756,237405,186273,31150,19916,66,52.86,C
goak05_D1_A90.png,5,1,530,601,222330,182388,25810,14130,2,54.16,C
goak05_D1_B0.png,5,1,451,655,226164,157487,18352,50325,0,43.81,C
goak05_D1_B180.png,5,1,550,728,269404,210227,39656,19484,37,48.62,B
goak05_D1_B270.png,5,1,479,537,182554,123805,20057,38686,6,44.06,C
goak05_D1_B90.png,5,1,509,784,271772,190318,28113,53341,0,46.87,C
goak05_D2_A0.png,5,2,552,711,273356,198485,33361,40978,532,40.62,B
goak05_D2_A180.png,5,2,590,826,356505,277168,62900,16250,187,47.32,A
goak05_D2_A270.png,5,2,599,835,314636,237125,37631,39336,544,42.63,A
goak05_D2_A90.png,5,2,566,686,266643,218007,31488,16810,338,46.17,B
goak05_D2_B0.png,5,2,678,906,305379,179302,22605,103375,97,45.51,B
goak05_D2_B180.png,5,2,597,908,385840,273050,33732,78920,138,49.33,A
goak05_D2_B270.png,5,2,610,844,326385,207792,21043,97277,273,47.42,A
goak05_D2_B90.png,5,2,610,940,384878,250818,27749,106085,226,47.2,A
goak05_D3_A0.png,5,3,644,801,316269,240800,27409,47539,521,46.85,A
goak05_D3_A180.png,5,3,605,776,329757,277456,33004,18999,298,52.9,A
goak05_D3_A270.png,5,3,640,697,298182,246246,20410,31120,406,51.17,B
goak05_D3_A90.png,5,3,642,801,362537,278543,38459,45418,117,48.32,A
goak05_D3_B0.png,5,3,523,695,256557,179407,15026,61998,126,45.66,C
goak05_D3_B180.png,5,3,644,802,351794,291648,29562,30447,137,50.43,A
goak05_D3_B270.png,5,3,606,591,262850,204771,19666,38288,125,48.75,C
goak05_D3_B90.png,5,3,562,728,325495,248795,23242,53281,177,48.1,B
goak06_D1_A0.png,6,1,560,679,267208,233159,18381,15652,16,53.82,C
goak06_D1_A180.png,6,1,640,690,294284,250028,37227,6883,146,54.85,B
goak06_D1_A270.png,6,1,589,598,245171,207187,27164,10815,5,53.04,C
goak06_D1_A90.png,6,1,667,646,316625,273347,31109,12156,13,54.69,B
goak06_D1_B0.png,6,1,546,604,214381,165309,21874,27053,145,43.9,C
goak06_D1_B180.png,6,1,622,664,271154,218610,41863,10587,94,49.83,B
goak06_D1_B270.png,6,1,531,654,247936,188239,39759,19933,5,46.29,C
goak06_D1_B90.png,6,1,561,647,256344,191029,41599,23472,244,45.34,B
goak06_D2_A0.png,6,2,555,731,289023,214725,36206,37670,422,44.11,B
goak06_D2_A180.png,6,2,692,756,383814,292694,75431,15575,114,46.11,A
goak06_D2_A270.png,6,2,612,705,292382,227125,38251,26902,104,46.46,B
goak06_D2_A90.png,6,2,638,766,341813,279182,36993,25490,148,48.69,A
goak06_D2_B0.png,6,2,566,718,293688,207012,39773,46603,300,39.43,B
goak06_D2_B180.png,6,2,706,716,347730,245452,75687,26516,75,41.15,A
goak06_D2_B270.png,6,2,622,748,287427,216815,41614,28715,283,40.93,A
goak06_D2_B90.png,6,2,623,693,328268,229560,47580,50390,738,39.78,A
goak06_D3_A0.png,6,3,539,733,266918,203838,27853,34811,416,47.0,B
goak06_D3_A180.png,6,3,706,787,366556,288770,46263,31425,98,48.47,A
goak06_D3_A270.png,6,3,621,694,272469,206414,28362,37563,130,46.55,B
goak06_D3_A90.png,6,3,616,712,332704,269486,33243,29866,109,49.87,B
goak06_D3_B0.png,6,3,681,766,326148,246790,27266,51428,664,43.34,A
goak06_D3_B180.png,6,3,631,744,352630,285439,52095,14833,263,48.46,A
goak06_D3_B270.png,6,3,641,771,361881,301215,34047,26359,260,48.44,A
goak06_D3_B90.png,6,3,664,701,307263,238370,40036,28436,421,43.24,A
goak07_D1_A0.png,7,1,488,748,266860,205691,38277,22887,5,46.22,C
goak07_D1_A180.png,7,1,606,741,320942,260375,51289,9244,34,50.87,B
goak07_D1_A270.png,7,1,505,763,279697,226349,33535,19810,3,48.42,B
goak07_D1_A90.png,7,1,552,750,292714,227114,50889,14704,7,47.35,B
goak07_D1_B0.png,7,1,468,779,270448,197009,33508,39920,11,44.55,B
goak07_D1_B180.png,7,1,513,845,302071,227178,57111,17780,2,48.93,B
goak07_D1_B270.png,7,1,452,776,264259,203627,24479,36149,4,48.13,C
goak07_D1_B90.png,7,1,442,708,258223,195046,33932,29245,0,47.76,C
goak07_D2_A0.png,7,2,597,869,375622,312652,44869,18040,61,48.66,A
goak07_D2_A180.png,7,2,609,902,416166,341635,57977,16438,116,48.4,A
goak07_D2_A270.png,7,2,617,864,360331,301171,40447,18627,86,50.81,A
goak07_D2_A90.png,7,2,650,841,383248,311417,58508,13168,155,47.48,A
goak07_D2_B0.png,7,2,613,871,333326,205604,32850,94589,283,41.3,A
goak07_D2_B180.png,7,2,602,867,413502,283004,63855,66432,211,42.25,A
goak07_D2_B270.png,7,2,605,801,376560,258066,29133,89167,194,43.67,A
goak07_D2_B90.png,7,2,603,846,366789,259790,36651,70081,267,42.67,A
goak07_D3_A0.png,7,3,690,774,355721,290634,48145,16644,298,45.05,A
goak07_D3_A180.png,7,3,615,822,399588,315296,70449,13546,297,46.74,A
goak07_D3_A270.png,7,3,650,838,349052,291127,38306,19268,351,50.75,A
goak07_D3_A90.png,7,3,671,856,350742,275603,60096,14889,154,45.67,A
goak07_D3_B0.png,7,3,612,807,326997,202490,27085,96245,1177,41.74,A
goak07_D3_B180.png,7,3,602,842,388022,272906,54631,59737,748,43.23,A
goak07_D3_B270.png,7,3,589,802,335035,216191,29334,89145,365,43.55,A
goak07_D3_B90.png,7,3,566,749,315289,221218,25554,68039,478,44.62,B
goak08_D1_A0.png,8,1,568,756,312411,251429,31814,29044,124,50.1,B
goak08_D1_A180.png,8,1,560,793,314972,250745,52323,11852,52,49.54,B
goak08_D1_A270.png,8,1,570,839,318788,266839,34951,16984,14,49.89,B
goak08_D1_A90.png,8,1,544,753,290900,217718,53639,19506,37,47.11,B
goak08_D1_B0.png,8,1,493,767,292656,222146,20141,50359,10,46.95,B
goak08_D1_B180.png,8,1,610,790,342615,272214,53378,16983,40,49.09,A
goak08_D1_B270.png,8,1,536,709,290734,225359,29671,35694,10,48.65,B
goak08_D1_B90.png,8,1,621,781,327689,255984,32537,38955,213,50.32,A
goak08_D2_A0.png,8,2,711,813,420166,307479,45574,66762,351,46.97,A
goak08_D2_A180.png,8,2,716,790,443266,361214,58089,23599,364,49.44,A
goak08_D2_A270.png,8,2,690,872,445509,349974,40565,54815,155,49.03,A
goak08_D2_A90.png,8,2,686,805,414869,318285,50559,45725,300,47.89,A
goak08_D2_B0.png,8,2,754,922,450398,302572,34806,112775,245,45.45,A
goak08_D2_B180.png,8,2,704,949,457507,354172,55030,48174,131,49.1,A
goak08_D2_B270.png,8,2,786,862,427120,315394,41456,70059,211,47.21,A
goak08_D2_B90.png,8,2,740,847,497129,359171,41334,96419,205,47.78,A
goak08_D3_A0.png,8,3,746,857,425391,327870,44004,53197,320,48.23,A
goak08_D3_A180.png,8,3,625,822,381438,309482,48325,23357,274,50.21,A
goak08_D3_A270.png,8,3,711,829,415612,336449,39953,37269,1941,46.78,A
goak08_D3_A90.png,8,3,717,783,375764,295772,41230,38541,221,47.01,A
goak08_D3_B0.png,8,3,740,869,456857,312743,55922,86441,1751,44.19,A
goak08_D3_B180.png,8,3,745,938,477467,384562,51417,41015,473,47.23,A
goak08_D3_B270.png,8,3,744,770,376114,270619,42785,62615,95,46.18,A
goak08_D3_B90.png,8,3,766,907,508964,388361,39043,81243,317,45.83,A
goak09_D1_A0.png,9,1,503,667,257782,178917,43404,35349,112,45.72,C
goak09_D1_A180.png,9,1,651,711,278714,223156,38668,16890,0,51.65,B
goak09_D1_A270.png,9,1,563,610,242778,182114,27849,32815,0,49.18,C
goak09_D1_A90.png,9,1,531,706,277505,220039,29962,27497,7,50.56,C
goak09_D1_B0.png,9,1,486,669,255626,197183,26176,32161,106,49.35,C
goak09_D1_B180.png,9,1,589,683,293027,237901,45962,9064,100,52.57,B
goak09_D1_B270.png,9,1,531,667,270218,222587,29483,17977,171,51.01,C
goak09_D1_B90.png,9,1,600,643,264772,206133,34151,24259,229,50.12,B
goak09_D2_A0.png,9,2,711,695,336643,249199,39587,47786,71,46.4,A
goak09_D2_A180.png,9,2,728,756,345508,266849,63153,15362,144,47.94,A
goak09_D2_A270.png,9,2,752,703,318822,257296,36196,25118,212,48.97,A
goak09_D2_A90.png,9,2,754,716,367430,298219,41712,27252,247,49.4,A
goak09_D2_B0.png,9,2,671,699,346740,265951,22098,58121,570,47.61,A
goak09_D2_B180.png,9,2,687,744,353621,279961,43406,30023,231,49.01,A
goak09_D2_B270.png,9,2,754,710,355111,265582,34983,53879,667,46.88,A
goak09_D2_B90.png,9,2,713,738,355367,282218,35026,37342,781,48.95,A
goak09_D3_A0.png,9,3,682,739,336630,269322,37179,29822,307,45.68,A
goak09_D3_A180.png,9,3,652,694,345580,275033,57148,13142,257,47.4,A
goak09_D3_A270.png,9,3,713,711,314981,252194,33256,28987,544,48.0,A
goak09_D3_A90.png,9,3,714,737,370911,301687,44349,24725,150,47.79,A
goak09_D3_B0.png,9,3,602,755,329921,204785,22271,102788,77,46.33,B
goak09_D3_B180.png,9,3,598,746,342477,259966,36593,45513,405,46.29,A
goak09_D3_B270.png,9,3,649,767,375998,273476,23676,78747,99,46.13,A
goak09_D3_B90.png,9,3,654,720,351013,252159,25767,72898,189,48.66,A
goak10_D1_A0.png,10,1,505,673,254928,185635,53685,15594,14,44.12,C
goak10_D1_A180.png,10,1,633,716,336744,278456,42683,15605,0,50.97,B
goak10_D1_A270.png,10,1,516,823,303606,244852,39958,18796,0,49.24,B
goak10_D1_A90.png,10,1,516,670,250810,200598,33043,17114,55,49.42,C
goak10_D1_B0.png,10,1,518,725,266376,200026,49087,17111,152,45.1,B
goak10_D1_B180.png,10,1,654,754,340885,273671,57929,9285,0,52.18,B
goak10_D1_B270.png,10,1,469,699,251721,197648,36278,17547,248,49.31,C
goak10_D1_B90.png,10,1,523,677,254212,210960,33177,10074,1,51.75,C
goak10_D2_A0.png,10,2,675,702,334321,242818,51631,39128,744,42.6,A
goak10_D2_A180.png,10,2,877,774,457138,356835,76985,23191,127,46.0,A
goak10_D2_A270.png,10,2,824,780,433396,337341,75108,20277,670,46.01,A
goak10_D2_A90.png,10,2,798,805,417550,299361,73615,44377,197,40.86,A
goak10_D2_B0.png,10,2,724,892,439259,318567,67459,52785,448,43.77,A
goak10_D2_B180.png,10,2,766,773,403130,324835,66274,11573,448,49.71,A
goak10_D2_B270.png,10,2,642,809,372252,287368,62102,22730,52,46.56,A
goak10_D2_B90.png,10,2,647,903,400802,321446,44265,34831,260,48.82,A
goak10_D3_A0.png,10,3,690,856,411252,308474,42248,60229,301,43.99,A
goak10_D3_A180.png,10,3,703,838,377735,304533,48070,24912,220,48.4,A
goak10_D3_A270.png,10,3,696,813,388902,274152,49389,65187,174,43.91,A
goak10_D3_A90.png,10,3,661,864,378445,267551,44627,65561,706,43.28,A
goak10_D3_B0.png,10,3,684,916,414416,309094,42185,62874,263,47.66,A
goak10_D3_B180.png,10,3,656,957,409532,323265,31157,54736,374,51.57,A
goak10_D3_B270.png,10,3,791,839,395400,301476,30312,63336,276,47.89,A
goak10_D3_B90.png,10,3,729,848,426414,324060,45805,56100,449,47.88,A
goak11_D1_A0.png,11,1,520,729,243990,206952,18844,18176,18,55.71,C
goak11_D1_A180.png,11,1,728,732,345895,293442,36603,15849,1,55.09,B
goak11_D1_A270.png,11,1,634,727,290236,252022,24220,13988,6,56.81,B
goak11_D1_A90.png,11,1,608,750,284847,230911,40874,13062,0,52.96,B
goak11_D1_B0.png,11,1,484,718,221588,164472,32875,24224,17,44.76,C
goak11_D1_B180.png,11,1,551,733,303673,229666,66736,7229,42,47.02,B
goak11_D1_B270.png,11,1,449,695,228194,183038,26063,19089,4,46.66,C
goak11_D1_B90.png,11,1,469,744,259572,202609,43535,13393,35,45.61,C
goak11_D2_A0.png,11,2,599,809,297178,212746,29815,54608,9,50.1,B
goak11_D2_A180.png,11,2,654,746,319374,246576,35007,37724,67,49.25,A
goak11_D2_A270.png,11,2,608,756,285396,208314,30075,46999,8,48.37,B
goak11_D2_A90.png,11,2,580,723,264952,178874,41118,44908,52,43.76,B
goak11_D2_B0.png,11,2,519,772,305348,181158,23868,100143,179,44.63,B
goak11_D2_B180.png,11,2,567,902,337614,216183,39365,82052,14,44.79,A
goak11_D2_B270.png,11,2,522,896,324298,197107,33301,93801,89,44.69,B
goak11_D2_B90.png,11,2,594,809,314540,190787,29168,94350,235,44.43,A
goak11_D3_A0.png,11,3,596,774,314387,205178,31682,77355,172,45.56,A
goak11_D3_A180.png,11,3,662,771,332676,252926,51910,27717,123,46.63,A
goak11_D3_A270.png,11,3,644,805,314812,209159,26707,78846,100,45.61,A
goak11_D3_A90.png,11,3,625,681,297820,222968,40096,34479,277,47.11,B
goak11_D3_B0.png,11,3,444,755,239941,189053,27892,22936,60,48.74,C
goak11_D3_B180.png,11,3,640,720,348034,294568,31540,21761,165,54.13,A
goak11_D3_B270.png,11,3,568,626,275921,226390,26000,23404,127,51.05,C
goak11_D3_B90.png,11,3,592,772,321059,252568,41794,26459,238,48.52,A
goak12_D1_A0.png,12,1,477,722,217523,170934,26056,20521,12,48.02,C
goak12_D1_A180.png,12,1,575,685,277817,237255,31567,8995,0,50.32,C
goak12_D1_A270.png,12,1,464,704,238818,195924,21604,21282,8,50.51,C
goak12_D1_A90.png,12,1,563,660,248020,199411,38348,10180,81,48.17,C
goak12_D1_B0.png,12,1,408,628,192336,132373,35531,24427,5,41.12,C
goak12_D1_B180.png,12,1,595,723,266040,203625,50044,11941,430,45.89,B
goak12_D1_B270.png,12,1,455,617,184363,149965,18654,15698,46,49.0,C
goak12_D1_B90.png,12,1,420,707,229685,185222,23545,20894,24,46.73,C
goak12_D2_A0.png,12,2,536,721,256269,154738,29484,72034,13,41.02,C
goak12_D2_A180.png,12,2,573,706,312781,230413,50392,31968,8,44.62,B
goak12_D2_A270.png,12,2,508,640,243662,166162,27311,50188,1,44.0,C
goak12_D2_A90.png,12,2,590,774,282636,194203,37160,51256,17,44.45,B
goak12_D2_B0.png,12,2,548,698,253443,131410,30503,91526,4,39.77,C
goak12_D2_B180.png,12,2,546,722,275121,181108,43314,50695,4,42.29,B
goak12_D2_B270.png,12,2,539,682,263174,159634,17578,85814,148,41.86,C
goak12_D2_B90.png,12,2,525,703,249062,148499,41208,59350,5,39.81,C
goak12_D3_A0.png,12,3,492,680,221616,132904,26972,61607,133,39.87,C
goak12_D3_A180.png,12,3,619,783,317516,240668,56720,19995,133,45.07,A
goak12_D3_A270.png,12,3,538,703,252291,183293,28248,40478,272,44.43,B
goak12_D3_A90.png,12,3,568,658,254934,187485,35844,31182,423,43.97,B
goak12_D3_B0.png,12,3,765,678,246544,155104,25870,65326,244,38.01,B
goak12_D3_B180.png,12,3,482,776,266791,183828,62705,20044,214,40.63,B
goak12_D3_B270.png,12,3,560,688,249936,177475,20650,51541,270,43.36,C
goak12_D3_B90.png,12,3,513,845,253337,171684,24272,57016,365,43.99,B
goak13_D1_A0.png,13,1,441,650,186297,150844,20451,14986,16,51.9,C
goak13_D1_A180.png,13,1,543,663,266811,228795,24860,13149,7,52.54,C
goak13_D1_A270.png,13,1,463,654,216410,181863,12224,22306,17,52.83,C
goak13_D1_A90.png,13,1,486,633,231172,175495,38697,16978,2,48.53,C
goak13_D1_B0.png,13,1,427,544,174159,122752,17248,34127,32,42.95,C
goak13_D1_B180.png,13,1,525,709,244155,185842,39817,18462,34,46.41,C
goak13_D1_B270.png,13,1,412,648,183489,143005,15962,24517,5,47.93,C
goak13_D1_B90.png,13,1,452,622,221092,159385,22699,39006,2,47.02,C
goak13_D2_A0.png,13,2,499,761,283385,198584,16231,68566,4,48.04,C
goak13_D2_A180.png,13,2,591,721,277748,216144,21579,40001,24,49.81,B
goak13_D2_A270.png,13,2,543,641,249702,148684,16461,84547,10,46.22,C
goak13_D2_A90.png,13,2,586,777,305206,214199,27662,63335,10,47.98,B
goak13_D2_B0.png,13,2,533,754,252401,113710,20017,118611,63,38.88,C
goak13_D2_B180.png,13,2,488,790,241525,112622,25530,103362,11,41.83,C
goak13_D2_B270.png,13,2,574,755,257915,111615,14592,131664,44,40.38,C
goak13_D2_B90.png,13,2,590,701,277459,125764,17924,133682,89,40.17,B
goak13_D3_A0.png,13,3,503,562,197482,100540,13726,83179,37,39.89,C
goak13_D3_A180.png,13,3,670,661,257884,182629,34638,40542,75,42.03,B
goak13_D3_A270.png,13,3,603,648,226674,146560,23895,55752,467,41.62,C
goak13_D3_A90.png,13,3,520,589,210311,147655,34865,27672,119,41.89,C
goak13_D3_B0.png,13,3,591,673,248032,153805,27348,66792,87,42.22,C
goak13_D3_B180.png,13,3,545,654,249702,186437,29452,33612,201,44.05,C
goak13_D3_B270.png,13,3,553,608,247087,172145,20784,54044,114,44.31,C
goak13_D3_B90.png,13,3,622,674,240421,164453,25946,49599,423,43.14,B
goak14_D1_A0.png,14,1,480,650,215185,164862,33909,16406,8,42.69,C
goak14_D1_A180.png,14,1,538,601,241300,190558,29353,21383,6,47.97,C
goak14_D1_A270.png,14,1,521,610,215878,172961,26736,16163,18,46.94,C
goak14_D1_A90.png,14,1,599,585,211073,176252,22649,12153,19,48.55,C
goak14_D1_B0.png,14,1,495,665,236829,162814,24083,49923,9,42.14,C
goak14_D1_B180.png,14,1,483,640,221150,171138,21624,28388,0,50.06,C
goak14_D1_B270.png,14,1,501,661,206372,132473,29140,44758,1,42.36,C
goak14_D1_B90.png,14,1,440,682,237029,184386,20415,32221,7,49.64,C
goak14_D2_A0.png,14,2,586,790,281046,197662,39299,43908,177,43.84,B
goak14_D2_A180.png,14,2,746,707,354344,276650,44805,32425,464,47.52,A
goak14_D2_A270.png,14,2,625,754,303915,232836,26405,44580,94,47.22,B
goak14_D2_A90.png,14,2,644,669,268171,195020,42489,29436,1226,44.72,B
goak14_D2_B0.png,14,2,541,776,304585,234138,38873,31452,122,44.83,B
goak14_D2_B180.png,14,2,635,723,282722,213223,48079,20933,487,47.14,B
goak14_D2_B270.png,14,2,540,742,248309,167630,48013,32605,61,41.87,B
goak14_D2_B90.png,14,2,527,779,283579,227614,28269,27629,67,47.83,B
goak14_D3_A0.png,14,3,464,735,223776,145959,18067,59458,292,43.24,C
goak14_D3_A180.png,14,3,633,718,297020,227084,32602,37143,191,46.58,B
goak14_D3_A270.png,14,3,490,797,280821,188021,21218,71330,252,43.55,B
goak14_D3_A90.png,14,3,544,692,241018,169597,36737,34550,134,45.23,C
goak14_D3_B0.png,14,3,698,741,294685,236979,27113,30151,442,47.42,A
goak14_D3_B180.png,14,3,609,566,217940,158340,41222,18267,111,43.5,C
goak14_D3_B270.png,14,3,549,677,224430,160356,29291,34651,132,40.97,C
goak14_D3_B90.png,14,3,566,677,292566,227621,34598,30158,189,45.55,B
goak15_D1_A0.png,15,1,438,828,279984,221336,43633,14988,27,48.32,B
goak15_D1_A180.png,15,1,704,780,360946,298120,44505,18099,222,53.12,A
goak15_D1_A270.png,15,1,553,816,300533,226420,50215,23877,21,47.98,B
goak15_D1_A90.png,15,1,533,678,274754,231857,24292,18584,21,50.83,C
goak15_D1_B0.png,15,1,527,719,236694,152648,43034,40962,50,44.76,C
goak15_D1_B180.png,15,1,595,766,303371,218510,59839,25022,0,50.44,B
goak15_D1_B270.png,15,1,493,712,259162,200642,25996,32515,9,51.0,C
goak15_D1_B90.png,15,1,499,733,258258,187843,41073,29251,91,50.21,B
goak15_D2_A0.png,15,2,547,792,289594,142444,37369,109703,78,37.93,B
goak15_D2_A180.png,15,2,653,813,372323,287146,52897,32178,102,47.04,A
goak15_D2_A270.png,15,2,564,776,302085,224198,39773,37967,147,44.3,B
goak15_D2_A90.png,15,2,609,771,314116,215337,36091,62590,98,45.25,A
goak15_D2_B0.png,15,2,694,794,338482,248953,27044,62117,368,43.92,A
goak15_D2_B180.png,15,2,669,785,323386,256971,48729,17509,177,48.84,A
goak15_D2_B270.png,15,2,657,851,356989,268055,40235,48369,330,46.23,A
goak15_D2_B90.png,15,2,632,790,287449,194663,53752,38872,162,44.08,A
goak15_D3_A0.png,15,3,497,809,281216,178212,28791,73170,1043,42.43,B
goak15_D3_A180.png,15,3,655,842,378615,269285,44751,64521,58,46.49,A
goak15_D3_A270.png,15,3,531,823,310925,200567,37928,71852,578,44.15,A
goak15_D3_A90.png,15,3,558,750,287599,211494,22488,53439,178,48.18,B
goak15_D3_B0.png,15,3,669,796,328289,243257,19121,65765,146,46.64,A
goak15_D3_B180.png,15,3,644,798,343235,270778,37540,34472,445,46.94,A
goak15_D3_B270.png,15,3,693,801,362976,278457,32790,51246,483,45.87,A
goak15_D3_B90.png,15,3,661,739,303892,196844,38298,68686,64,44.11,B
goak16_D1_A0.png,16,1,480,671,223057,182777,24575,15697,8,51.77,C
goak16_D1_A180.png,16,1,595,670,259523,222036,30785,6700,2,55.83,C
goak16_D1_A270.png,16,1,555,636,233454,193064,29215,11173,2,52.39,C
goak16_D1_A90.png,16,1,580,690,245237,204680,27453,13001,103,54.17,C
goak16_D1_B0.png,16,1,461,682,204212,130553,15584,58066,9,46.29,C
goak16_D1_B180.png,16,1,482,715,254686,197915,25790,30969,12,49.94,C
goak16_D1_B270.png,16,1,508,649,235180,169941,11418,53816,5,48.79,C
goak16_D1_B90.png,16,1,504,643,223449,165146,15274,42962,67,49.49,C
goak16_D2_A0.png,16,2,602,632,288136,194465,26466,67159,46,42.63,B
goak16_D2_A180.png,16,2,617,740,317287,236162,48470,32570,85,46.39,A
goak16_D2_A270.png,16,2,570,759,301104,220111,30264,50617,112,44.33,B
goak16_D2_A90.png,16,2,589,606,252856,183771,26793,42253,39,46.1,C
goak16_D2_B0.png,16,2,530,714,250976,141726,22290,86452,508,42.33,B
goak16_D2_B180.png,16,2,591,750,336110,221047,37795,77196,72,45.02,A
goak16_D2_B270.png,16,2,605,688,274658,144750,28347,101429,132,41.03,B
goak16_D2_B90.png,16,2,608,743,321265,196402,23005,101680,178,43.89,B
goak16_D3_A0.png,16,3,626,676,305814,213334,29931,62477,72,42.62,B
goak16_D3_A180.png,16,3,649,783,321311,248204,45812,27108,187,46.44,A
goak16_D3_A270.png,16,3,607,795,295937,213468,43426,38772,271,43.63,A
goak16_D3_A90.png,16,3,602,700,291777,219429,24891,47244,213,46.29,B
goak16_D3_B0.png,16,3,561,741,259771,178092,17578,63748,353,44.33,B
goak16_D3_B180.png,16,3,595,670,311366,218023,36793,56287,263,46.54,B
goak16_D3_B270.png,16,3,644,679,285572,200027,26915,58315,315,45.22,B
goak16_D3_B90.png,16,3,627,703,308836,221004,24192,63180,460,46.27,B
goak17_D1_A0.png,17,1,480,658,219975,169571,21868,28464,72,45.59,C
goak17_D1_A180.png,17,1,589,701,291495,216768,56671,17853,203,48.11,B
goak17_D1_A270.png,17,1,503,703,226069,183880,19532,22655,2,49.76,C
goak17_D1_A90.png,17,1,516,776,255456,188800,41700,24956,0,47.38,C
goak17_D1_B0.png,17,1,472,706,207072,159324,24501,23247,0,48.24,C
goak17_D1_B180.png,17,1,670,743,267712,210129,32207,25220,156,47.37,B
goak17_D1_B270.png,17,1,531,689,220431,167445,26863,26123,0,45.03,C
goak17_D1_B90.png,17,1,620,711,270709,212038,37816,20831,24,49.43,B
goak17_D2_A0.png,17,2,547,896,328536,194226,23318,110831,161,44.73,B
goak17_D2_A180.png,17,2,585,884,326330,238061,37118,50839,312,48.42,A
goak17_D2_A270.png,17,2,504,899,300430,190621,17543,92173,93,47.29,B
goak17_D2_A90.png,17,2,556,746,276883,188451,29060,59143,229,45.52,B
goak17_D2_B0.png,17,2,514,779,281736,181427,27096,72917,296,39.42,B
goak17_D2_B180.png,17,2,579,765,319134,247199,45236,26645,54,44.7,B
goak17_D2_B270.png,17,2,660,687,290898,201855,25869,63070,104,42.0,B
goak17_D2_B90.png,17,2,565,801,322524,217246,54448,50680,150,40.24,A
goak17_D3_A0.png,17,3,559,706,272539,179179,20852,72218,290,44.27,B
goak17_D3_A180.png,17,3,536,817,278266,209353,30358,38435,120,47.2,B
goak17_D3_A270.png,17,3,522,715,260849,188502,18371,53802,174,45.45,C
goak17_D3_A90.png,17,3,575,693,272377,210506,13996,47660,215,46.73,B
goak17_D3_B0.png,17,3,546,723,263440,157539,19420,86046,435,40.18,B
goak17_D3_B180.png,17,3,647,764,339706,243364,49416,46748,178,42.92,A
goak17_D3_B270.png,17,3,595,725,303023,201969,21627,78726,701,42.61,B
goak17_D3_B90.png,17,3,496,726,267674,168573,37447,61151,503,39.96,B
goak18_D1_A0.png,18,1,452,688,234842,188522,33611,12688,21,48.72,C
goak18_D1_A180.png,18,1,644,780,339998,292046,41281,6663,8,54.62,B
goak18_D1_A270.png,18,1,526,670,243696,197470,28020,18204,2,52.0,C
goak18_D1_A90.png,18,1,534,717,253745,209403,35932,8220,190,50.79,C
goak18_D1_B0.png,18,1,451,694,243817,180383,40931,22343,160,44.68,C
goak18_D1_B180.png,18,1,644,718,308617,256947,39381,12287,2,55.81,B
goak18_D1_B270.png,18,1,499,655,262754,211194,32387,19172,1,51.7,C
goak18_D1_B90.png,18,1,516,681,256720,208580,30758,17379,3,49.0,C
goak18_D2_A0.png,18,2,561,816,326440,229559,35968,60470,443,40.06,A
goak18_D2_A180.png,18,2,763,835,417020,330712,51973,34286,49,48.65,A
goak18_D2_A270.png,18,2,597,772,331739,239798,43015,48881,45,44.97,A
goak18_D2_A90.png,18,2,604,806,332189,246736,49252,36058,143,45.29,A
goak18_D2_B0.png,18,2,645,758,336679,213451,28682,94502,44,40.62,B
goak18_D2_B180.png,18,2,627,838,372184,270336,64987,36773,88,43.2,A
goak18_D2_B270.png,18,2,627,801,315582,215025,37980,62558,19,41.16,A
goak18_D2_B90.png,18,2,617,783,348730,231279,42664,74655,132,42.67,A
goak18_D3_A0.png,18,3,612,820,315205,203303,29281,82133,488,42.17,A
goak18_D3_A180.png,18,3,626,817,351790,274149,50228,27088,325,48.42,A
goak18_D3_A270.png,18,3,594,784,332277,243237,39763,48164,1113,44.02,A
goak18_D3_A90.png,18,3,586,757,297215,212932,43426,40559,298,44.47,A
goak18_D3_B0.png,18,3,560,741,296790,193834,27305,75301,350,40.78,B
goak18_D3_B180.png,18,3,574,755,308366,224069,42075,42026,196,45.98,A
goak18_D3_B270.png,18,3,576,794,278912,189877,34500,53815,720,45.83,B
goak18_D3_B90.png,18,3,574,624,277826,192851,25557,59062,356,44.03,B
goak19_D1_A0.png,19,1,405,583,173646,122338,17806,33481,21,43.34,C
goak19_D1_A180.png,19,1,562,681,267848,206956,33510,27188,194,46.43,B
goak19_D1_A270.png,19,1,536,682,219051,150741,21795,46513,2,46.22,C
goak19_D1_A90.png,19,1,474,608,206559,151644,25341,29567,7,44.2,C
goak19_D1_B0.png,19,1,427,631,203801,160002,20673,23124,2,49.44,C
goak19_D1_B180.png,19,1,623,653,260665,218927,29953,11683,102,51.81,C
goak19_D1_B270.png,19,1,557,697,236190,199134,24452,12495,109,52.25,C
goak19_D1_B90.png,19,1,491,617,208904,173637,23868,11397,2,50.87,C
goak19_D2_A0.png,19,2,581,794,271230,171764,38717,60604,145,38.99,B
goak19_D2_A180.png,19,2,705,770,338985,242919,39738,56099,229,41.53,A
goak19_D2_A270.png,19,2,628,777,274813,157273,30945,86569,26,42.34,B
goak19_D2_A90.png,19,2,587,755,278524,202227,36202,39896,199,41.71,B
goak19_D2_B0.png,19,2,561,656,267720,192221,38354,36734,411,40.59,B
goak19_D2_B180.png,19,2,582,802,313645,251844,41923,19804,74,46.17,B
goak19_D2_B270.png,19,2,513,716,244522,183649,35804,24790,279,46.21,B
goak19_D2_B90.png,19,2,516,773,267568,199192,41156,26772,448,42.98,B
goak19_D3_A0.png,19,3,510,633,237741,151916,24047,61707,71,43.72,C
goak19_D3_A180.png,19,3,643,724,267451,198685,26687,41942,137,47.07,B
goak19_D3_A270.png,19,3,607,602,234956,175277,23101,36523,55,47.61,C
goak19_D3_A90.png,19,3,564,596,265419,165658,28815,70864,82,41.4,C
goak19_D3_B0.png,19,3,589,633,259449,160114,46897,52270,168,38.02,B
goak19_D3_B180.png,19,3,540,671,277126,202380,47051,27203,492,43.98,B
goak19_D3_B270.png,19,3,585,615,257807,182140,42326,32712,629,40.83,B
goak19_D3_B90.png,19,3,544,646,255910,181386,43454,30702,368,41.08,B
goak20_D1_A0.png,20,1,510,720,263172,222339,22878,17947,8,53.31,C
goak20_D1_A180.png,20,1,714,723,359976,305035,43565,11027,349,53.74,A
goak20_D1_A270.png,20,1,603,720,291194,257434,22013,11747,0,54.73,C
goak20_D1_A90.png,20,1,696,746,346770,288077,33603,25079,11,50.83,A
goak20_D1_B0.png,20,1,492,706,233099,179175,23744,30105,75,45.86,C
goak20_D1_B180.png,20,1,631,738,302297,248052,41618,12627,0,54.73,B
goak20_D1_B270.png,20,1,550,761,260799,204038,26837,29913,11,48.77,C
goak20_D1_B90.png,20,1,560,705,268517,219766,26978,21657,116,51.14,C
goak20_D2_A0.png,20,2,594,855,373617,296353,39630,37253,381,46.68,A
goak20_D2_A180.png,20,2,704,921,382076,298587,64073,18583,833,47.97,A
goak20_D2_A270.png,20,2,607,849,348899,287090,35391,26374,44,48.54,A
goak20_D2_A90.png,20,2,631,841,347850,275350,43224,29066,210,49.53,A
goak20_D2_B0.png,20,2,539,881,330404,192467,54327,83229,381,38.19,A
goak20_D2_B180.png,20,2,726,862,410457,306520,42872,60928,137,46.18,A
goak20_D2_B270.png,20,2,623,906,355955,230588,33388,91808,171,44.21,A
goak20_D2_B90.png,20,2,615,793,385497,268698,43768,72628,403,42.93,A
goak20_D3_A0.png,20,3,535,816,311006,201696,29714,79388,208,42.13,B
goak20_D3_A180.png,20,3,696,771,337268,257872,53612,25717,67,44.35,A
goak20_D3_A270.png,20,3,563,795,308941,211064,39577,58202,98,42.97,B
goak20_D3_A90.png,20,3,576,765,291011,206517,36000,48407,87,44.28,B
goak20_D3_B0.png,20,3,572,841,325523,226795,23236,75308,184,45.03,A
goak20_D3_B180.png,20,3,662,811,373846,292281,49269,31455,841,49.32,A
goak20_D3_B270.png,20,3,595,800,304284,215404,30758,57978,144,46.37,B
goak20_D3_B90.png,20,3,619,802,314188,246192,33510,34022,464,50.56,A
goak21_D1_A0.png,21,1,580,584,211543,184712,13342,13475,14,54.98,C
goak21_D1_A180.png,21,1,610,557,245225,209916,27328,7981,0,53.6,C
goak21_D1_A270.png,21,1,626,590,258267,212747,32194,13326,0,51.67,C
goak21_D1_A90.png,21,1,663,595,257313,216561,31267,9410,75,53.08,C
goak21_D1_B0.png,21,1,470,552,192434,161155,19308,11889,82,51.62,C
goak21_D1_B180.png,21,1,500,580,213281,170559,35674,7031,17,47.53,C
goak21_D1_B270.png,21,1,486,669,207705,162651,30188,14866,0,47.73,C
goak21_D1_B90.png,21,1,509,621,237001,193830,31474,11693,4,46.84,C
goak21_D2_A0.png,21,2,484,625,235190,150769,41671,42683,67,38.18,C
goak21_D2_A180.png,21,2,555,713,293485,215240,49126,28145,974,43.95,B
goak21_D2_A270.png,21,2,521,667,240108,188405,25169,26172,362,43.9,C
goak21_D2_A90.png,21,2,551,641,261179,189432,32752,38713,282,42.23,B
goak21_D2_B0.png,21,2,658,711,262616,222437,27405,12465,309,48.92,B
goak21_D2_B180.png,21,2,580,765,289596,247379,35912,6166,139,51.2,B
goak21_D2_B270.png,21,2,618,666,262640,217090,35894,9576,80,50.14,C
goak21_D2_B90.png,21,2,591,745,293773,240151,44014,9385,223,49.13,B
goak21_D3_A0.png,21,3,486,712,253015,159555,26741,66518,201,39.55,C
goak21_D3_A180.png,21,3,474,680,260614,192254,25618,42326,416,44.15,C
goak21_D3_A270.png,21,3,572,637,250853,177476,23444,49712,221,43.15,C
goak21_D3_A90.png,21,3,582,690,248738,175141,27180,46255,162,42.29,C
goak21_D3_B0.png,21,3,509,714,263571,216836,22124,24498,113,50.15,C
goak21_D3_B180.png,21,3,543,700,278982,223829,36825,18139,189,50.84,B
goak21_D3_B270.png,21,3,576,645,238034,198829,22422,16739,44,50.22,C
goak21_D3_B90.png,21,3,584,607,256632,218263,23695,14480,194,50.39,C
goak22_D1_A0.png,22,1,557,655,237893,195420,30564,11909,0,51.65,C
goak22_D1_A180.png,22,1,613,638,291254,256909,26599,7746,0,58.41,C
goak22_D1_A270.png,22,1,590,680,286746,234570,43754,8421,1,54.92,B
goak22_D1_A90.png,22,1,552,678,249275,212585,26685,9998,7,54.13,C
goak22_D1_B0.png,22,1,436,715,213671,160986,35412,17195,78,44.04,C
goak22_D1_B180.png,22,1,633,721,258092,206050,43719,8323,0,51.47,C
goak22_D1_B270.png,22,1,479,654,213035,168387,22739,21909,0,49.08,C
goak22_D1_B90.png,22,1,420,648,209399,173184,21324,14836,55,50.1,C
goak22_D2_A0.png,22,2,556,685,256905,202429,38364,16083,29,47.36,C
goak22_D2_A180.png,22,2,678,706,322790,273639,38104,10837,210,51.14,B
goak22_D2_A270.png,22,2,585,726,297216,237983,45224,13902,107,49.79,B
goak22_D2_A90.png,22,2,637,656,293926,237990,40908,15008,20,48.81,B
goak22_D2_B0.png,22,2,544,698,272046,196342,34711,40865,128,43.5,B
goak22_D2_B180.png,22,2,543,769,324384,240970,58861,24446,107,45.48,B
goak22_D2_B270.png,22,2,648,741,308041,230276,31486,46122,157,47.76,A
goak22_D2_B90.png,22,2,575,736,284211,214151,40509,29422,129,46.34,B
goak22_D3_A0.png,22,3,640,746,287951,194749,25297,67056,849,45.28,B
goak22_D3_A180.png,22,3,537,697,280811,209274,28632,42811,94,48.49,B
goak22_D3_A270.png,22,3,585,693,287027,197668,22910,66051,398,47.06,B
goak22_D3_A90.png,22,3,678,692,287672,217019,31654,38570,429,46.94,B
goak22_D3_B0.png,22,3,549,688,248958,195628,28865,24348,117,46.16,C
goak22_D3_B180.png,22,3,672,717,320023,270343,33867,15644,169,48.98,B
goak22_D3_B270.png,22,3,606,674,276943,220606,32114,24090,133,47.8,B
goak22_D3_B90.png,22,3,672,642,293792,242018,34242,17455,77,47.11,B
goak23_D1_A0.png,23,1,490,648,222033,182982,28323,10725,3,54.72,C
goak23_D1_A180.png,23,1,583,617,281756,240614,36055,5087,0,56.25,C
goak23_D1_A270.png,23,1,553,595,238583,202258,30202,6099,24,54.0,C
goak23_D1_A90.png,23,1,564,628,231338,202099,19969,9270,0,56.3,C
goak23_D1_B0.png,23,1,490,680,218213,167301,27859,23020,33,46.89,C
goak23_D1_B180.png,23,1,639,690,275466,224055,35883,15335,193,49.31,B
goak23_D1_B270.png,23,1,479,676,222495,170575,28609,23310,1,48.97,C
goak23_D1_B90.png,23,1,468,671,225883,175091,32503,18284,5,46.57,C
goak23_D2_A0.png,23,2,650,697,283356,226830,32359,24101,66,50.15,B
goak23_D2_A180.png,23,2,692,777,351834,286193,49504,15838,299,48.29,A
goak23_D2_A270.png,23,2,654,776,331124,274858,34060,22165,41,50.54,B
goak23_D2_A90.png,23,2,702,661,289823,213389,54035,22227,172,46.33,B
goak23_D2_B0.png,23,2,679,745,334477,242570,31509,60063,335,43.12,A
goak23_D2_B180.png,23,2,644,757,310286,225423,44327,39194,1342,44.9,A
goak23_D2_B270.png,23,2,687,675,316489,228357,39673,48049,410,44.38,A
goak23_D2_B90.png,23,2,704,734,336004,225435,42958,67299,312,42.17,A
goak23_D3_A0.png,23,3,655,668,282209,225426,30287,26346,150,48.38,B
goak23_D3_A180.png,23,3,650,713,301189,229885,50831,19668,805,47.37,A
goak23_D3_A270.png,23,3,600,758,297873,232976,39633,24999,265,47.82,A
goak23_D3_A90.png,23,3,646,610,276777,206975,43300,26341,161,46.54,B
goak23_D3_B0.png,23,3,623,729,286669,220337,30443,35698,191,44.31,B
goak23_D3_B180.png,23,3,589,666,280098,229191,38765,12014,128,48.53,B
goak23_D3_B270.png,23,3,558,689,279149,215077,36886,27055,131,47.24,B
goak23_D3_B90.png,23,3,643,724,275052,208587,28229,38071,165,47.29,B
goak24_D1_A0.png,24,1,502,644,231705,190789,26735,14181,0,49.86,C
goak24_D1_A180.png,24,1,641,652,283032,239075,35670,8287,0,52.92,C
goak24_D1_A270.png,24,1,607,644,242003,207151,23467,11365,20,54.16,C
goak24_D1_A90.png,24,1,577,667,246720,200718,37246,8748,8,51.05,C
goak24_D1_B0.png,24,1,481,634,203001,154582,29978,18441,0,44.2,C
goak24_D1_B180.png,24,1,519,696,243809,195591,35568,12227,423,45.68,C
goak24_D1_B270.png,24,1,526,659,225286,179366,27107,18785,28,45.84,C
goak24_D1_B90.png,24,1,459,612,207254,159380,32453,15411,10,44.72,C
goak24_D2_A0.png,24,2,513,722,276258,219094,39664,17375,125,44.87,B
goak24_D2_A180.png,24,2,620,730,315939,258021,47541,9301,1076,47.54,A
goak24_D2_A270.png,24,2,516,797,263927,217574,34580,11701,72,48.76,B
goak24_D2_A90.png,24,2,571,680,281631,235674,34120,11686,151,48.12,B
goak24_D2_B0.png,24,2,471,826,271832,182614,18512,70584,122,43.31,B
goak24_D2_B180.png,24,2,553,849,326306,241935,47548,36650,173,44.32,A
goak24_D2_B270.png,24,2,510,683,243179,172420,19130,51499,130,44.44,C
goak24_D2_B90.png,24,2,559,727,306974,211772,33320,61686,196,43.86,B
goak24_D3_A0.png,24,3,491,730,264397,210497,36739,17005,156,42.55,B
goak24_D3_A180.png,24,3,575,809,312555,255126,46389,9609,1431,49.26,A
goak24_D3_A270.png,24,3,513,772,255480,207660,33833,13834,153,49.29,B
goak24_D3_A90.png,24,3,533,702,276334,231991,31077,13162,104,49.34,C
goak24_D3_B0.png,24,3,476,736,247429,154205,12950,79999,275,45.07,C
goak24_D3_B180.png,24,3,561,726,265698,196892,35331,33340,135,46.07,B
goak24_D3_B270.png,24,3,511,659,243158,158979,14018,70066,95,45.29,C
goak24_D3_B90.png,24,3,523,709,278742,196826,19392,62305,219,45.03,B
goak25_D1_A0.png,25,1,465,658,223738,183706,19855,20174,3,49.83,C
goak25_D1_A180.png,25,1,504,660,245148,198917,36542,8856,833,50.56,C
goak25_D1_A270.png,25,1,457,636,211964,177048,17926,16990,0,50.79,C
goak25_D1_A90.png,25,1,468,616,236362,192380,33444,10538,0,48.99,C
goak25_D1_B0.png,25,1,403,644,194204,142990,21003,30204,7,45.37,C
goak25_D1_B180.png,25,1,490,685,218822,175102,30663,13052,5,47.89,C
goak25_D1_B270.png,25,1,445,620,186679,139489,17580,29583,27,44.18,C
goak25_D1_B90.png,25,1,412,640,205005,156329,30156,18512,8,46.9,C
goak25_D2_A0.png,25,2,507,775,302356,242995,41197,18089,75,47.88,B
goak25_D2_A180.png,25,2,663,755,364134,299725,52744,11586,79,50.72,A
goak25_D2_A270.png,25,2,588,739,296120,241567,36137,18388,28,50.89,B
goak25_D2_A90.png,25,2,656,802,372534,299989,60025,12135,385,47.24,A
goak25_D2_B0.png,25,2,496,738,267603,183074,34151,50251,127,40.71,B
goak25_D2_B180.png,25,2,552,814,316548,259043,40264,17046,195,50.04,A
goak25_D2_B270.png,25,2,552,832,286540,220542,40292,25308,398,46.63,A
goak25_D2_B90.png,25,2,522,808,295834,217984,37831,39976,43,45.09,B
goak25_D3_A0.png,25,3,494,830,274873,188799,30011,55990,73,45.5,B
goak25_D3_A180.png,25,3,668,801,367027,291576,42790,31950,711,46.4,A
goak25_D3_A270.png,25,3,639,754,293709,234636,30697,28331,45,48.46,B
goak25_D3_A90.png,25,3,676,750,333572,243641,40148,49627,156,44.26,A
goak25_D3_B0.png,25,3,533,734,269670,180890,30997,57219,564,42.92,B
goak25_D3_B180.png,25,3,477,744,256010,197696,38537,19620,157,49.01,B
goak25_D3_B270.png,25,3,521,768,255923,175641,23999,55701,582,44.93,B
goak25_D3_B90.png,25,3,537,775,296267,219194,32742,44169,162,46.93,B
goak26_D1_A0.png,26,1,479,606,195019,165415,20622,8980,2,52.91,C
goak26_D1_A180.png,26,1,572,601,253201,212317,31111,9771,2,54.08,C
goak26_D1_A270.png,26,1,488,595,215257,187041,18987,9228,1,52.68,C
goak26_D1_A90.png,26,1,511,669,252830,204124,34933,13144,629,50.94,C
goak26_D1_B0.png,26,1,404,670,214052,162612,24635,26686,119,44.52,C
goak26_D1_B180.png,26,1,472,658,208969,162009,38648,8222,90,49.1,C
goak26_D1_B270.png,26,1,427,634,179499,143870,18542,17042,45,47.06,C
goak26_D1_B90.png,26,1,382,700,211455,159744,24489,27106,116,47.9,C
goak26_D2_A0.png,26,2,519,750,270250,211304,46509,12334,103,44.55,B
goak26_D2_A180.png,26,2,698,728,331499,264702,60199,6477,121,48.5,A
goak26_D2_A270.png,26,2,580,717,278225,226108,42027,10006,84,49.17,B
goak26_D2_A90.png,26,2,636,732,277232,227151,39425,10458,198,49.73,B
goak26_D2_B0.png,26,2,577,745,280381,187428,26544,65994,415,44.43,B
goak26_D2_B180.png,26,2,611,784,316508,218985,32675,64008,840,44.74,A
goak26_D2_B270.png,26,2,622,739,329374,211661,32188,85479,46,45.83,B
goak26_D2_B90.png,26,2,618,748,264083,172244,47153,44530,156,42.35,B
goak26_D3_A0.png,26,3,497,686,229582,151733,25773,51938,138,41.79,C
goak26_D3_A180.png,26,3,541,614,235216,193518,24868,15522,1308,50.53,C
goak26_D3_A270.png,26,3,540,666,247769,204778,19313,23633,45,49.06,C
goak26_D3_A90.png,26,3,513,577,209902,154701,34852,20343,6,46.11,C
goak26_D3_B0.png,26,3,461,630,198034,128183,19897,49923,31,41.61,C
goak26_D3_B180.png,26,3,505,654,243738,179533,24220,38553,1432,47.07,C
goak26_D3_B270.png,26,3,453,605,196220,120815,23184,52091,130,43.7,C
goak26_D3_B90.png,26,3,532,606,231953,161202,16053,54549,149,44.31,C
goak27_D1_A0.png,27,1,537,662,205617,158306,30082,17214,15,47.85,C
goak27_D1_A180.png,27,1,594,648,241004,198143,33929,8931,1,51.88,C
goak27_D1_A270.png,27,1,531,601,192426,151040,28954,12347,85,49.57,C
goak27_D1_A90.png,27,1,540,662,225696,180123,22109,23449,15,49.18,C
goak27_D1_B0.png,27,1,398,653,188677,152274,15269,21134,0,46.07,C
goak27_D1_B180.png,27,1,531,628,216843,172567,38288,5686,302,48.45,C
goak27_D1_B270.png,27,1,523,607,200218,164308,20452,15458,0,50.12,C
goak27_D1_B90.png,27,1,571,658,206291,151908,41493,12884,6,44.26,C
goak27_D2_A0.png,27,2,469,740,237390,191615,31766,13935,74,46.83,C
goak27_D2_A180.png,27,2,649,772,336831,278965,41270,16125,471,49.8,A
goak27_D2_A270.png,27,2,593,720,280150,230129,39083,10486,452,48.59,B
goak27_D2_A90.png,27,2,559,763,289949,234846,31883,22942,278,46.66,B
goak27_D2_B0.png,27,2,602,706,254232,200144,27669,26273,146,45.19,B
goak27_D2_B180.png,27,2,482,852,270729,203715,49705,17105,204,43.59,B
goak27_D2_B270.png,27,2,489,867,302442,229677,44944,27743,78,42.87,B
goak27_D2_B90.png,27,2,547,811,287434,217350,33062,36853,169,44.69,B
goak27_D3_A0.png,27,3,430,707,239819,180812,24916,34024,67,46.82,C
goak27_D3_A180.png,27,3,600,764,310583,257474,40200,12814,95,48.14,B
goak27_D3_A270.png,27,3,574,623,251385,199275,38586,12896,628,46.88,B
goak27_D3_A90.png,27,3,578,733,303890,241854,32531,29329,176,46.03,B
goak27_D3_B0.png,27,3,573,764,256086,167768,22894,65130,294,43.76,B
goak27_D3_B180.png,27,3,629,719,268741,181905,22771,63929,136,44.18,B
goak27_D3_B270.png,27,3,608,796,271569,175925,18451,76979,214,42.18,B
goak27_D3_B90.png,27,3,532,605,210644,148912,26428,35124,180,42.95,C
goak28_D1_A0.png,28,1,379,620,164819,137902,19840,7077,0,54.24,C
goak28_D1_A180.png,28,1,539,681,255804,217781,28809,9214,0,54.75,C
goak28_D1_A270.png,28,1,512,664,199992,174690,17780,7328,194,56.25,C
goak28_D1_A90.png,28,1,455,656,220427,183558,27884,8950,35,51.79,C
goak28_D1_B0.png,28,1,390,671,183906,147806,16526,19498,76,46.5,C
goak28_D1_B180.png,28,1,487,726,233051,180788,43667,8510,86,48.92,C
goak28_D1_B270.png,28,1,454,729,219423,181896,21385,16131,11,48.64,C
goak28_D1_B90.png,28,1,627,748,234419,183781,25803,24833,2,45.19,C
goak28_D2_A0.png,28,2,554,733,252971,197161,15948,39509,353,46.17,B
goak28_D2_A180.png,28,2,625,790,306673,235562,41322,29570,219,46.15,A
goak28_D2_A270.png,28,2,498,693,261518,200499,23631,37324,64,45.08,C
goak28_D2_A90.png,28,2,638,725,274467,209762,28977,35609,119,45.09,B
goak28_D2_B0.png,28,2,456,722,240868,198725,28442,13606,95,48.41,C
goak28_D2_B180.png,28,2,679,739,330433,284761,35074,9919,679,52.86,A
goak28_D2_B270.png,28,2,586,693,267815,220481,33779,13467,88,49.51,B
goak28_D2_B90.png,28,2,557,787,286895,234459,40180,12117,139,51.03,B
goak28_D3_A0.png,28,3,481,632,218745,136489,16701,64943,612,41.65,C
goak28_D3_A180.png,28,3,477,699,254633,193177,37524,23848,84,45.21,C
goak28_D3_A270.png,28,3,486,653,233495,170352,18099,44751,293,43.59,C
goak28_D3_A90.png,28,3,537,719,255447,182125,29610,43520,192,43.22,B
goak28_D3_B0.png,28,3,505,758,257566,207518,25837,24072,139,50.22,C
goak28_D3_B180.png,28,3,633,796,305146,262184,30513,11982,467,52.07,A
goak28_D3_B270.png,28,3,491,670,249493,209244,19259,20953,37,51.58,C
goak28_D3_B90.png,28,3,528,727,283581,239462,29088,14989,42,51.3,C
goak29_D1_A0.png,29,1,410,740,174866,154036,12539,8291,0,54.86,C
goak29_D1_A180.png,29,1,612,694,286885,230810,40865,15164,46,48.64,B
goak29_D1_A270.png,29,1,498,601,208358,178559,16236,13522,41,54.5,C
goak29_D1_A90.png,29,1,481,649,207213,170012,27314,9880,7,52.25,C
goak29_D1_B0.png,29,1,364,650,166126,135066,23643,7417,0,52.82,C
goak29_D1_B180.png,29,1,626,662,276298,224252,40759,11279,8,50.72,B
goak29_D1_B270.png,29,1,465,641,220319,189159,22683,8473,4,54.22,C
goak29_D1_B90.png,29,1,458,611,192421,161941,22049,8431,0,52.12,C
goak29_D2_A0.png,29,2,648,780,246518,182727,30460,33092,239,45.46,B
goak29_D2_A180.png,29,2,603,785,309823,242824,45299,21645,55,48.64,B
goak29_D2_A270.png,29,2,539,737,256238,204368,26127,25653,90,49.28,C
goak29_D2_A90.png,29,2,620,743,275027,215347,21505,37993,182,49.27,B
goak29_D2_B0.png,29,2,489,739,255138,182386,28148,44419,185,45.29,B
goak29_D2_B180.png,29,2,554,812,307719,227202,62266,18053,198,44.89,A
goak29_D2_B270.png,29,2,454,867,268382,191242,39575,37458,107,45.26,B
goak29_D2_B90.png,29,2,638,744,236715,176233,27257,33110,115,46.64,B
goak29_D3_A0.png,29,3,394,780,203596,136695,9653,56980,268,46.05,C
goak29_D3_A180.png,29,3,550,795,304327,230312,33564,40427,24,46.8,B
goak29_D3_A270.png,29,3,494,797,250321,178600,18554,53032,135,46.59,C
goak29_D3_A90.png,29,3,491,666,232905,159042,21716,52055,92,45.5,C
goak29_D3_B0.png,29,3,540,731,271983,173223,23207,75491,62,42.41,B
goak29_D3_B180.png,29,3,426,709,219916,160405,37631,21662,218,45.64,C
goak29_D3_B270.png,29,3,472,680,243646,162041,21204,60340,61,44.37,C
goak29_D3_B90.png,29,3,450,678,227061,169243,17945,39797,76,46.62,C
goak30_D1_A0.png,30,1,414,657,190361,145875,35040,9430,16,45.81,C
goak30_D1_A180.png,30,1,585,630,265470,215092,43453,6925,0,51.53,C
goak30_D1_A270.png,30,1,452,660,200125,163284,24328,12496,17,50.2,C
goak30_D1_A90.png,30,1,526,635,211569,173910,24051,13605,3,50.29,C
goak30_D1_B0.png,30,1,371,686,184285,148507,26044,9717,17,49.83,C
goak30_D1_B180.png,30,1,512,724,255502,218130,32560,4809,3,54.98,C
goak30_D1_B270.png,30,1,497,674,210484,181450,22195,6757,82,54.39,C
goak30_D1_B90.png,30,1,443,649,197122,162707,23835,10564,16,51.34,C
goak30_D2_A0.png,30,2,538,842,318245,246351,55410,16278,206,45.82,A
goak30_D2_A180.png,30,2,655,866,380365,301255,67261,11795,54,47.32,A
goak30_D2_A270.png,30,2,573,796,307327,251645,37060,18386,236,47.33,B
goak30_D2_A90.png,30,2,550,747,287580,226011,43183,18075,311,47.38,B
goak30_D2_B0.png,30,2,607,743,305444,233271,36442,34827,904,47.38,A
goak30_D2_B180.png,30,2,743,750,409126,352754,34133,22072,167,51.41,A
goak30_D2_B270.png,30,2,613,694,303530,251663,29565,22072,230,51.77,B
goak30_D2_B90.png,30,2,712,784,372096,296872,45965,29166,93,48.29,A
goak30_D3_A0.png,30,3,634,677,259754,179277,43452,36586,439,41.1,B
goak30_D3_A180.png,30,3,599,718,253123,206394,34040,11571,1118,46.43,B
goak30_D3_A270.png,30,3,545,766,278862,208770,35681,34158,253,43.36,B
goak30_D3_A90.png,30,3,515,732,254872,206903,31138,16658,173,45.22,C
goak30_D3_B0.png,30,3,590,806,302431,233115,27273,41434,609,44.81,A
goak30_D3_B180.png,30,3,487,751,277281,210051,45452,21555,223,43.33,B
goak30_D3_B270.png,30,3,566,769,304482,225683,34905,43730,164,42.68,B
goak30_D3_B90.png,30,3,566,776,302111,244907,36026,20900,278,44.84,B
